"country","year","unem","infl","gdp","uneml","infll","gdpl","trade","capmob","oild","corp","leftlab","demand","countryname"
2,1966,3.8,2.9,5.1111407,4.5,1.9900497,5.934182,9.622906,0,0.000675,1.7985288,1.3764145,51.96369,"US"
2,1967,3.8,2.8,2.277283,3.8,2.9,5.1111407,9.983546,0,0.00059,1.8077855,1.1766782,36.93912,"US"
2,1968,3.6,4.2,4.7,3.8,2.8,2.277283,10.08912,0,0.000662,1.8181758,1.1766782,57.50798,"US"
2,1969,3.5,5.4,2.8,3.6,4.2,4.7,10.43593,0,0.00072,1.8285455,0.43317163,55.310432,"US"
2,1970,4.9,5.9,-0.2,3.5,5.4,2.8,10.49535,0,0.000773,1.8339705,0.43317163,35.68419,"US"
2,1971,5.9,4.3,3.1,4.9,5.9,-0.2,11.27827,0,0.001063,1.8596696,0.4840479,42.857426,"US"
2,1972,5.6,3.3,5.4,5.9,4.3,3.1,11.21771,0,0.001325,1.843797,0.4840479,59.45386,"US"
2,1973,4.9,6.2,5.7,5.6,3.3,5.4,11.76705,0,0.00226,1.7979207,0.43317163,70.602295,"US"
2,1974,5.6,11,-0.9,4.9,6.2,5.7,13.77255,0,0.007898,1.9404387,0.43317163,11.01804,"US"
2,1975,8.5,9.1,-0.8,5.6,11,-0.9,17.42326,0,0.009097,1.9732283,0.6404451,-5.2269783,"US"
2,1976,7.7,5.8,4.7,8.5,9.1,-0.8,16.52211,0,0.011098,1.9658078,0.6404451,82.61055,"US"
2,1977,7.1,6.5,5.5,7.7,5.8,4.7,17.23492,0,0.013843,1.9560741,1.3632243,62.04571,"US"
2,1978,6.1,7.7,4.7,7.1,6.5,5.5,17.54099,0,0.01263,1.8887957,1.3632243,71.91806,"US"
2,1979,5.8,11.3,2.6,6.1,7.7,4.7,18.17591,0,0.01673,1.8838983,1.2991581,58.162914,"US"
2,1980,7.1,13.5,-0.4,5.8,11.3,2.6,19.73285,0,0.022449,2.0310316,1.2991581,23.67942,"US"
2,1981,7.5,10.4,3.4,7.1,13.5,-0.4,21.51057,0,0.021138,2.002635,0.43317163,36.56797,"US"
2,1982,9.5,6.1,-3,7.5,10.4,3.4,20.53895,0,0.01793,1.9912306,0.43317163,-6.1616855,"US"
2,1983,9.5,3.2,2.9,9.5,6.1,-3,18.56972,0,0.014882,1.6761642,0.5443456,50.138245,"US"
2,1984,7.5,4.3,7.2,9.5,3.2,2.9,17.81588,0,0.015458,1.6540775,0.5443456,83.734634,"US"
2,1985,7.1,3.5,3.8,7.5,4.3,7.2,18.02899,0,0.012709,2.1234744,0.47651064,63.101463,"US"
2,1986,7,1.9,2.8,7.1,3.5,3.8,17.20371,0,0.006475,2.112881,0.47651064,51.61113,"US"
2,1987,6.2,3.7,3.7,7,1.9,2.8,17.23095,0,0.010027,2.1001842,0.49723804,58.585228,"US"
2,1988,5.5,4.1,4.6,6.2,3.7,3.7,18.29418,0,0.00816,1.9438641,0.49723804,82.32381,"US"
2,1989,5.270084,4.8,2.8,5.5,4.1,4.6,19.413527,0,0.00816,1.9470344,0.49723804,64.06464,"US"
2,1990,5.41456,5.4,0.9,5.270084,4.8,2.8,20.638363,0,0.00816,2.0092444,0.5386927,49.532074,"US"
20,1966,3.6,3.7,6.8021674,3.9,2.9498525,6.6366653,38.45467,0,0.000891,2.2677426,1.3387284,207.65523,"Canada"
20,1967,4.1,3.6,2.9236457,3.6,3.7,6.8021674,40.16167,0,0.00088,2.2981367,1.3387284,148.59819,"Canada"
20,1968,4.8,4,5.6,4.1,3.6,2.9236457,41.06574,0,0.000862,2.3092508,1.5252745,234.0747,"Canada"
20,1969,4.7,4.6,5.2,4.8,4,5.6,42.76849,0,0.000654,2.3185737,1.5252745,226.673,"Canada"
20,1970,5.9,3.3,2.6,4.7,4.6,5.2,44.16533,0,0.000286,2.32556,1.5252745,150.16212,"Canada"
20,1971,6.4,2.8,7,5.9,3.3,2.6,43.8499,0,0.000156,2.3221345,1.5252745,166.62961,"Canada"
20,1972,6.3,4.8,5.8,6.4,2.8,7,42.67813,0,-0.00043,2.3198009,1.3293068,226.1941,"Canada"
20,1973,5.6,7.6,7.5,6.3,4.8,5.8,43.88472,0,-0.00137,2.1338942,1.3293068,263.30832,"Canada"
20,1974,5.4,10.9,3.5,5.6,7.6,7.5,46.41543,0,-0.00198,2.2274292,1.3387284,37.132343,"Canada"
20,1975,6.9,10.8,1.1,5.4,10.9,3.5,50.49331,0,0.000524,2.0393605,1.3387284,-15.147993,"Canada"
20,1976,7.1,7.5,6.1,6.9,10.8,1.1,48.16162,0,0.003198,2.049015,1.3387284,240.8081,"Canada"
20,1977,8.1,8,2.2,7.1,7.5,6.1,46.12166,0,0.00492,2.0666142,1.3387284,166.03796,"Canada"
20,1978,8.4,8.9,3.9,8.1,8,2.2,48.00311,0,0.003832,1.8683482,1.3387284,196.81274,"Canada"
20,1979,7.5,9.2,3.4,8.4,8.9,3.9,51.22656,0,0.003733,1.8808043,0.4897008,163.92499,"Canada"
20,1980,7.5,10.2,1,7.5,9.2,3.4,54.93203,0,0.006605,1.8730276,1.5083158,65.91844,"Canada"
20,1981,7.6,12.5,4,7.5,10.2,1,55.77161,0,0.007575,1.8931972,1.5083158,94.81174,"Canada"
20,1982,11,10.8,-4.3,7.6,12.5,4,54.325,0,-0.00095,1.8961625,1.5083158,-16.2975,"Canada"
20,1983,11.9,5.9,2.8,11,10.8,-4.3,48.58355,0,-0.00747,1.627354,1.5083158,131.17558,"Canada"
20,1984,11.3,4.3,5.4,11.9,5.9,2.8,48.40208,0,-0.00833,1.6817487,0.050657988,227.48978,"Canada"
20,1985,10.5,4,4.7,11.3,4.3,5.4,53.52345,0,-0.01115,1.6778903,0.050657988,187.33208,"Canada"
20,1986,9.6,4.2,3.1,10.5,4,4.7,54.3082,0,-0.00372,1.6819189,0.050657988,162.9246,"Canada"
20,1987,8.9,4.4,4.5,9.6,4.2,3.1,53.4611,0,-0.00511,1.6872132,0.050657988,181.76775,"Canada"
20,1988,7.8,4,5,8.9,4.4,4.5,52.15683,0,-0.00523,1.6000367,0.45201468,234.70573,"Canada"
20,1989,7.4952145,5,2.4,7.8,4,5,52.077396,0,-0.00523,1.6037323,0.45201468,171.85541,"Canada"
20,1990,8.059593,4.8,0.4,7.4952145,5,2.4,49.932476,0,-0.00523,1.7091097,0.45201468,119.837944,"Canada"
200,1966,1.5,3.9,1.8770983,1.5,4.9,2.5284631,37.9319,1,0.003318,2.141038,3.0338082,204.83226,"UK"
200,1967,2.3,2.5,2.2550652,1.5,3.9,1.8770983,37.83032,1,0.003497,2.1337404,3.0338082,139.97218,"UK"
200,1968,2.5,4.7,4.1,2.3,2.5,2.2550652,37.76296,1,0.003617,2.1282299,3.0338082,215.24886,"UK"
200,1969,2.4,5.4,1.5,2.5,4.7,4.1,41.92546,2,0.00385,2.1299272,3.0338082,222.20496,"UK"
200,1970,2.6,6.4,2.2,2.4,5.4,1.5,42.79789,2,0.003936,2.1551151,1.1379013,145.51283,"UK"
200,1971,3.5,9.4,2.7,2.6,6.4,2.2,44.08434,1,0.004896,2.2183137,1.1379013,167.5205,"UK"
200,1972,3.8,7.1,2.3,3.5,9.4,2.7,43.51069,1,0.005104,2.2120447,1.1379013,230.60666,"UK"
200,1973,2.7,9.2,7.6,3.8,7.1,2.3,42.86721,1,0.006741,2.1828098,1.1379013,257.20325,"UK"
200,1974,2.6,16,-1,2.7,9.2,7.6,48.8228,1,0.024008,2.71987,2.747394,39.05824,"UK"
200,1975,4,24.2,-0.7,2.6,16,-1,59.62837,1,0.020749,2.771193,2.8095763,-17.888512,"UK"
200,1976,5.5,16.5,3.8,4,24.2,-0.7,52.51037,1,0.019791,2.7923062,2.8095763,262.55185,"UK"
200,1977,5.8,15.8,1,5.5,16.5,3.8,56.87488,1,0.013439,2.8195338,2.8095763,204.74957,"UK"
200,1978,5.7,8.3,3.6,5.8,15.8,1,59.06499,1,0.010405,2.8063033,2.8095763,242.16646,"UK"
200,1979,5.3,13.4,2.2,5.7,8.3,3.6,55.53134,1,0.006291,2.8242319,1.0399175,177.7003,"UK"
200,1980,7,18,-2.3,5.3,13.4,2.2,55.78893,0,0.001062,3.082917,1.0399175,66.94672,"UK"
200,1981,10.5,11.9,-1.4,7,18,-2.3,52.5135,0,-0.01187,3.0468602,1.0399175,89.27295,"UK"
200,1982,11.2,8.6,1.5,10.5,11.9,-1.4,50.54586,0,-0.01862,2.9689035,1.0399175,-15.163758,"UK"
200,1983,11.7,4.6,3.4,11.2,8.6,1.5,51.03159,0,-0.02385,2.5827038,0.6837841,137.7853,"UK"
200,1984,11.7,5,1.8,11.7,4.6,3.4,52.77322,0,-0.02142,2.5458453,0.6837841,248.03412,"UK"
200,1985,11.2,6.1,3.7,11.7,5,1.8,58.07664,0,-0.02456,2.892965,0.6837841,203.26825,"UK"
200,1986,11.2,3.4,3.5,11.2,6.1,3.7,57.58285,0,-0.01011,2.868544,0.6837841,172.74855,"UK"
200,1987,10.2,4.2,4.7,11.2,3.4,3.5,53.52335,0,-0.01378,2.8511584,0.8175696,181.9794,"UK"
200,1988,8.3,4.9,4.1,10.2,4.2,4.7,52.65015,0,-0.00775,3.1331866,0.8175696,236.92567,"UK"
200,1989,6.1140733,7.8,2.3,8.3,4.9,4.1,50.24818,0,-0.00775,3.112492,0.8175696,165.819,"UK"
200,1990,5.4717445,9.5,0.8,6.1140733,7.8,2.3,52.35597,0,-0.00775,2.888722,0.8175696,125.65433,"UK"
210,1966,1,5.8,1.8770983,0.6,6,2.5284631,87.05895,2,0.004496,2.3013365,2.384517,470.11835,"Netherlands"
210,1967,2,3.5,2.2550652,1,5.8,1.8770983,85.44972,2,0.004435,2.3025136,2.1175904,316.16397,"Netherlands"
210,1968,1.9,3.7,2.3,2,3.5,2.2550652,82.56051,3,0.004747,2.313736,2.121359,470.59488,"Netherlands"
210,1969,1.4,7.5,6.4,1.9,3.7,2.3,82.63106,2,0.004856,2.3110516,2.121359,437.9446,"Netherlands"
210,1970,1.1,3.6,6.7,1.4,7.5,6.4,86.03879,2,0.005194,2.2985408,2.121359,292.5319,"Netherlands"
210,1971,1.6,7.5,4.2,1.1,3.6,6.7,91.87628,2,0.00587,2.2881913,2.2305,349.12985,"Netherlands"
210,1972,2.8,7.8,3.3,1.6,7.5,4.2,91.26911,1,0.006747,2.2992136,2.249343,483.72632,"Netherlands"
210,1973,2.8,8,4.7,2.8,7.8,3.3,87.19008,1,0.009188,2.1557221,2.788601,523.1405,"Netherlands"
210,1974,3.5,9.6,4,2.8,8,4.7,91.15795,1,0.028137,2.1691017,2.788601,72.92636,"Netherlands"
210,1975,5.3,10.2,-0.1,3.5,9.6,4,104.9757,1,0.026536,2.2654347,2.788601,-31.492712,"Netherlands"
210,1976,5.6,8.8,5.1,5.3,10.2,-0.1,96.28062,1,0.032235,2.2627888,2.788601,481.40308,"Netherlands"
210,1977,5.5,6.4,2.3,5.6,8.8,5.1,98.3404,1,0.031838,2.2590497,2.02821,354.02542,"Netherlands"
210,1978,5.5,4.1,2.5,5.5,6.4,2.3,93.89299,0,0.033198,2.1685562,2.02821,384.96124,"Netherlands"
210,1979,5.6,4.2,2.4,5.5,4.1,2.5,89.75119,0,0.048353,2.1680706,2.02821,287.20383,"Netherlands"
210,1980,6,6.5,0.9,5.6,4.2,2.4,98.66754,0,0.073261,2.2205038,2.02821,118.401054,"Netherlands"
210,1981,8.9,6.7,-0.7,6,6.5,0.9,105.5502,0,0.069064,2.2037065,2.534567,179.43535,"Netherlands"
210,1982,10.3,6,-1.4,8.9,6.7,-0.7,112.4727,0,0.063393,2.1880858,1.8386391,-33.741814,"Netherlands"
210,1983,12.3,2.8,0.9,10.3,6,-1.4,111.3337,0,0.050717,2.1783118,1.8386391,300.601,"Netherlands"
210,1984,12.3,3.3,1.7,12.3,2.8,0.9,112.8105,0,0.049702,2.1477227,1.8386391,530.20935,"Netherlands"
210,1985,10.2,2.3,2.6,12.3,3.3,1.7,119.0031,0,0.043322,2.5514846,1.8386391,416.51083,"Netherlands"
210,1986,10,0.1,2,10.2,2.3,2.6,122.6721,0,0.02164,2.533107,2.0168297,368.0163,"Netherlands"
210,1987,10,-0.7,1.1,10,0.1,2,104.1273,0,0.028134,2.5280075,2.0168297,354.0328,"Netherlands"
210,1988,10.1,0.7,2.7,10,-0.7,1.1,102.312,0,0.02466,2.1886103,2.0168297,460.404,"Netherlands"
210,1989,8.31223,1.1,4,10.1,0.7,2.7,105.05729,0,0.02466,2.1904917,2.0607886,346.68906,"Netherlands"
210,1990,7.508731,2.5,3.9,8.31223,1.1,4,111.76222,0,0.02466,2.220921,2.5603027,268.22934,"Netherlands"
211,1966,2.7,4.2,3.1622589,2.4,5.3,3.5606449,73.61844,2,0.004817,3.1595132,1.1400831,397.53958,"Belgium"
211,1967,3.7,2.9,3.8753977,2.7,4.2,3.1622589,74.54204,2,0.004916,3.24541,1.1400831,275.80554,"Belgium"
211,1968,4.5,2.7,4.2,3.7,2.9,3.8753977,73.58559,2,0.005691,3.2622151,2.352583,419.43784,"Belgium"
211,1969,3.6,3.8,6.6,4.5,2.7,4.2,78.44779,1,0.005838,3.2790065,2.352583,415.77332,"Belgium"
211,1970,2.9,3.9,6.4,3.6,3.8,6.6,84.37925,1,0.006172,3.2971966,2.352583,286.88947,"Belgium"
211,1971,2.9,4.3,3.7,2.9,3.9,6.4,86.75947,1,0.007627,3.2667944,2.539129,329.68597,"Belgium"
211,1972,3.4,5.4,5.3,2.9,4.3,3.7,86.10609,0,0.008023,3.304874,2.4053931,456.36227,"Belgium"
211,1973,3.6,7,5.9,3.4,5.4,5.3,85.15666,0,0.010939,3.2276642,2.2055082,510.93997,"Belgium"
211,1974,4,12.7,4.1,3.6,7,5.9,94.41487,0,0.034803,3.2457547,1.1135293,75.5319,"Belgium"
211,1975,6.7,12.8,-1.5,4,12.7,4.1,108.1774,0,0.033785,3.2478783,1.1430087,-32.45322,"Belgium"
211,1976,6.8,9.2,5.3,6.7,12.8,-1.5,93.60921,0,0.034908,3.2652178,1.1430087,468.04602,"Belgium"
211,1977,7.8,7.1,0.4,6.8,9.2,5.3,98.26746,0,0.038089,3.2832992,2.2222686,353.76285,"Belgium"
211,1978,8.4,4.5,3,7.8,7.1,0.4,107.1681,0,0.038851,3.23434,2.107326,439.3892,"Belgium"
211,1979,8.7,4.5,2.1,8.4,4.5,3,104.3904,0,0.055391,3.2507203,2.1590948,334.0493,"Belgium"
211,1980,9.4,6.6,4,8.7,4.5,2.1,115.2146,0,0.079104,3.4845214,2.1590948,138.25752,"Belgium"
211,1981,10,7.6,-1.5,9.4,6.6,4,121.3896,0,0.073828,3.5059576,1.6259359,206.36234,"Belgium"
211,1982,11.7,8.7,1.5,10,7.6,-1.5,130.5714,0,0.077013,3.5189657,1.2002816,-39.17142,"Belgium"
211,1983,12.9,7.7,-0.1,11.7,8.7,1.5,138.4857,0,0.08346,3.2891324,1.2002816,373.9114,"Belgium"
211,1984,13,6.3,1.4,12.9,7.7,-0.1,137.1896,0,0.056782,3.2851765,1.2002816,644.79114,"Belgium"
211,1985,12,4.9,0.9,13,6.3,1.4,146.0202,0,0.053489,3.2863352,1.7407793,511.0707,"Belgium"
211,1986,11.3,1.3,1.6,12,4.9,0.9,141.2755,0,0.02668,3.371255,1.7407793,423.82648,"Belgium"
211,1987,11.1,1.6,1.9,11.3,1.3,1.6,127.2102,0,0.037709,3.349063,2.1748385,432.51468,"Belgium"
211,1988,10,1.2,4.3,11.1,1.6,1.9,126.9076,0,0.028386,3.3237967,2.1748385,571.0842,"Belgium"
211,1989,9.266409,3.1,3.6,10,1.2,4.3,133.28113,0,0.028386,3.3008919,2.1748385,439.82773,"Belgium"
211,1990,8.734147,3.4,3.8,9.266409,3.1,3.6,142.68608,0,0.028386,3.2591488,2.1748385,342.4466,"Belgium"
220,1966,0.7,2.7,5.2141824,0.7,2.9,4.7780647,24.30256,0,0.002547,0.865855,0.25793147,131.23383,"France"
220,1967,0.9,2.7,4.6882105,0.7,2.7,5.2141824,25.00878,0,0.002818,0.8671603,0.92685926,92.532486,"France"
220,1968,1.2,4.5,4.3,0.9,2.7,4.6882105,24.85014,0,0.002943,0.8684156,0.10153425,141.6458,"France"
220,1969,1,6.4,7,1.2,4.5,4.3,25.40206,1,0.003132,0.9001858,0.10153425,134.63092,"France"
220,1970,1.2,5.2,5.7,1,6.4,7,27.82975,1,0.00356,0.92271876,0.10153425,94.621155,"France"
220,1971,1.6,5.5,5.4,1.2,5.2,5.7,31.51196,1,0.004441,0.9157469,0.10153425,119.745445,"France"
220,1972,2,6.2,5.9,1.6,5.5,5.4,32.18585,1,0.005025,0.91764927,0.10153425,170.585,"France"
220,1973,2.6,7.3,5.4,2,6.2,5.9,32.61595,1,0.007305,0.87112117,0.7478504,195.69571,"France"
220,1974,2.8,13.7,3.2,2.6,7.3,5.4,34.76036,1,0.02456,1.012976,0.8104043,27.808289,"France"
220,1975,4.1,11.8,0.2,2.8,13.7,3.2,43.20575,1,0.021643,0.90343404,0.8729583,-12.961725,"France"
220,1976,4.4,9.6,5.2,4.1,11.8,0.2,37.32651,1,0.025948,0.9100275,1.0800333,186.63255,"France"
220,1977,4.7,9.4,3.1,4.4,9.6,5.2,40.42973,1,0.025172,0.9059851,1.0800333,145.54703,"France"
220,1978,5.2,9.1,3.8,4.7,9.4,3.1,41.56883,1,0.024957,1.189688,1.0273224,170.43219,"France"
220,1979,5.9,10.8,3.3,5.2,9.1,3.8,40.2554,1,0.035839,1.1729864,1.0273224,128.81729,"France"
220,1980,6.3,13.6,1.1,5.9,10.8,3.3,42.54165,1,0.054738,1.0881071,1.0273224,51.04998,"France"
220,1981,7.3,13.4,0.5,6.3,13.6,1.1,44.89193,1,0.050919,1.0703732,3.3505697,76.316284,"France"
220,1982,8.1,11.8,1.8,7.3,13.4,0.5,46.89539,1,0.047565,1.067037,3.352727,-14.068618,"France"
220,1983,8.3,9.6,0.7,8.1,11.8,1.8,46.22432,1,0.038603,1.532429,3.3937104,124.805664,"France"
220,1984,9.9,7.4,1.3,8.3,9.6,0.7,45.69321,1,0.039483,1.5188369,3.3937104,214.75809,"France"
220,1985,10.2,5.8,1.9,9.9,7.4,1.3,47.64652,1,0.034556,1.0084028,1.9556891,166.76282,"France"
220,1986,10.4,2.7,2.3,10.2,5.8,1.9,47.21023,1,0.014377,0.99520683,0.90424764,141.63069,"France"
220,1987,10.5,3.1,1.9,10.4,2.7,2.3,41.62719,1,0.021742,0.98314023,0.90424764,141.53246,"France"
220,1988,9.9,2.7,3.5,10.5,3.1,1.9,41.46514,1,0.016151,0.4759121,2.4594924,186.59314,"France"
220,1989,9.379112,3.6,3.6,9.9,2.7,3.5,42.861233,1,0.016151,0.4635272,2.4594924,141.44206,"France"
220,1990,8.970955,3.4,2.6,9.379112,3.6,3.6,49.667118,1,0.016151,0.4149549,2.4594924,119.20109,"France"
260,1966,0.7,3.5,2.9414163,0.6,3.5,5.4825873,37.89446,0,0.002772,3.6642718,1.7473248,204.63008,"Germany"
260,1967,2.1,1.4,-0.118888296,0.7,3.5,2.9414163,38.81367,0,0.002907,3.660564,1.7473248,143.61058,"Germany"
260,1968,1.5,2.9,6.3,2.1,1.4,-0.118888296,39.50642,0,0.00314,3.6556258,1.7473248,225.18658,"Germany"
260,1969,0.9,1.9,7.8,1.5,2.9,6.3,41.40414,0,0.003213,3.6537733,2.4905338,219.44196,"Germany"
260,1970,0.7,3.4,6,0.9,1.9,7.8,43.06893,0,0.003513,3.6585712,2.4905338,146.43437,"Germany"
260,1971,0.8,5.3,2.9,0.7,3.4,6,43.21042,0,0.004317,3.6707394,2.4905338,164.19958,"Germany"
260,1972,1.1,5.5,4.2,0.8,5.3,2.9,43.2477,0,0.004688,3.6767893,2.5211291,229.21281,"Germany"
260,1973,1.2,6.9,4.7,1.1,5.5,4.2,42.76834,0,0.006548,3.7308335,2.5211291,256.61005,"Germany"
260,1974,2.6,7,0.3,1.2,6.9,4.7,44.19636,0,0.021087,3.7409785,2.5412612,35.35709,"Germany"
260,1975,4.7,6,-1.6,2.6,7,0.3,52.19484,0,0.021153,3.7803712,2.5412612,-15.658452,"Germany"
260,1976,4.6,4.5,5.4,4.7,6,-1.6,49.9167,0,0.024317,3.7795868,2.4131286,249.5835,"Germany"
260,1977,4.5,3.7,3,4.6,4.5,5.4,52.59491,0,0.025015,3.7907455,2.4131286,189.34167,"Germany"
260,1978,4.3,2.7,2.9,4.5,3.7,3,52.03534,0,0.025503,3.7948282,2.4131286,213.34488,"Germany"
260,1979,3.8,4.1,4.2,4.3,2.7,2.9,50.73377,0,0.035203,3.8048472,2.4131286,162.34807,"Germany"
260,1980,3.8,5.5,1.4,3.8,4.1,4.2,53.40189,0,0.052544,3.7921464,1.3605466,64.08227,"Germany"
260,1981,5.5,6.3,0.2,3.8,5.5,1.4,57.20418,0,0.049305,3.7878408,1.3605466,97.24711,"Germany"
260,1982,7.5,5.3,-0.6,5.5,6.3,0.2,61.45247,0,0.048176,3.7840302,1.3605466,-18.435741,"Germany"
260,1983,9.1,3.3,1.2,7.5,5.3,-0.6,62.33753,0,0.040587,3.7186394,1.3002489,168.31133,"Germany"
260,1984,9.1,2.4,2.6,9.1,3.3,1.2,60.67839,0,0.041135,3.7035394,1.3002489,285.18842,"Germany"
260,1985,9.3,2.2,2,9.1,2.4,2.6,64.16871,0,0.038172,3.6858182,1.3002489,224.59048,"Germany"
260,1986,9,-0.1,2.3,9.3,2.2,2,66.31547,0,0.017333,3.6922317,1.3002489,198.94641,"Germany"
260,1987,8.9,0.2,1.8,9,-0.1,2.3,59.98089,0,0.02406,3.6862526,1.3965964,203.93503,"Germany"
260,1988,8.7,1.3,3.7,8.9,0.2,1.8,58.09554,0,0.017939,3.653223,1.3965964,261.42993,"Germany"
260,1989,6.843749,2.8,3.2,8.7,1.3,3.7,59.254417,0,0.017939,3.642294,1.3965964,195.53958,"Germany"
260,1990,6.2089887,2.7,4.7,6.843749,2.8,3.2,64.47238,0,0.017939,3.64393,1.386555,154.73372,"Germany"
305,1966,1.7,2.2,5.6429987,1.9,5.7,2.8579783,50.82818,2,0.001309,4.819461,2.7594934,274.47217,"Austria"
305,1967,1.8,4,3.0076866,1.7,2.2,5.6429987,51.53986,2,0.001283,4.819816,2.7594934,190.69748,"Austria"
305,1968,2,2.8,4.5,1.8,4,3.0076866,50.87713,2,0.001652,4.7990103,2.7594934,289.99963,"Austria"
305,1969,1.8,3.1,6.3,2,2.8,4.5,51.62636,2,0.001692,4.8018236,2.7594934,273.61972,"Austria"
305,1970,1.4,3.8,7.1,1.8,3.1,6.3,55.52404,2,0.001995,4.8060894,3.570835,188.78174,"Austria"
305,1971,1.2,4.7,5.1,1.4,3.8,7.1,61.16313,2,0.002694,4.808448,3.5576448,232.41989,"Austria"
305,1972,1,6.3,6.2,1.2,4.7,5.1,60.62628,2,0.002948,4.8096476,3.5576448,321.3193,"Austria"
305,1973,1,7.6,4.9,1,6.3,6.2,60.49547,3,0.004379,4.717182,3.5576448,362.9728,"Austria"
305,1974,1.1,9.5,3.9,1,7.6,4.9,60.68523,1,0.013676,4.7208176,3.5576448,48.548183,"Austria"
305,1975,1.7,8.4,-0.4,1.1,9.5,3.9,66.36381,1,0.014145,4.7305665,3.5576448,-19.909143,"Austria"
305,1976,1.7,7.3,4.6,1.7,8.4,-0.4,63.06676,1,0.016952,4.7356563,3.5576448,315.3338,"Austria"
305,1977,1.5,5.5,4.4,1.7,7.3,4.6,66.72645,1,0.016673,4.743346,3.5576448,240.21521,"Austria"
305,1978,1.8,3.6,0.5,1.5,5.5,4.4,67.23354,1,0.018748,4.6489506,3.5576448,275.65753,"Austria"
305,1979,1.7,3.7,4.7,1.8,3.6,0.5,66.62471,1,0.026658,4.6479278,3.5670662,213.19908,"Austria"
305,1980,1.6,6.4,3,1.7,3.7,4.7,71.77694,1,0.043051,4.6637583,3.5670662,86.13233,"Austria"
305,1981,2.1,6.8,-0.1,1.6,6.4,3,75.59992,1,0.042511,4.6663647,3.5670662,128.51987,"Austria"
305,1982,3.1,5.4,1.2,2.1,6.8,-0.1,77.91716,1,0.037828,4.6621943,3.5670662,-23.375149,"Austria"
305,1983,3.8,3.3,2.1,3.1,5.4,1.2,74.13298,1,0.030942,4.5006723,3.145379,200.15906,"Austria"
305,1984,3.8,5.6,2,3.8,3.3,2.1,73.28623,1,0.032851,4.48409,3.145379,344.44528,"Austria"
305,1985,3.6,3.2,2.5,3.8,5.6,2,77.68645,1,0.029363,4.481929,3.145379,271.90256,"Austria"
305,1986,3.1,1.7,1.1,3.6,3.2,2.5,80.93437,1,0.013275,4.4755216,3.064354,242.80312,"Austria"
305,1987,3.8,1.4,1.9,3.1,1.7,1.1,72.72447,1,0.019808,4.472705,3.064354,247.26321,"Austria"
305,1988,3.6,2,4.2,3.8,1.4,1.9,70.36277,1,0.013674,4.38673,3.064354,316.63248,"Austria"
305,1989,3.1304348,2.6,3.7,3.6,2,4.2,74.42189,1,0.013674,4.3858366,3.064354,245.59224,"Austria"
305,1990,3.2331254,3.3,4.9,3.1304348,2.6,3.7,79.47293,1,0.013674,4.3539653,3.0405025,190.73505,"Austria"
325,1966,5.9,2.3,5.98493,5.4,4.4,3.267884,26.93998,1,0.003653,3.1090078,2.7446918,145.47589,"Italy"
325,1967,5.4,3.7,7.1776257,5.9,2.3,5.98493,28.23712,1,0.003688,3.101926,2.7446918,104.47734,"Italy"
325,1968,5.7,1.4,6.5,5.4,3.7,7.1776257,28.7611,1,0.003811,3.1052825,2.5818481,163.93826,"Italy"
325,1969,5.7,2.6,6.1,5.7,1.4,6.5,29.41873,1,0.003937,3.1650093,2.4617734,155.91928,"Italy"
325,1970,5.4,5,5.3,5.7,2.6,6.1,31.44462,1,0.004224,3.1878505,2.62427,106.91171,"Italy"
325,1971,5.4,4.8,1.6,5.4,5,5.3,32.473,1,0.005337,3.2367964,2.6213937,123.3974,"Italy"
325,1972,6.4,5.7,3.2,5.4,4.8,1.6,32.66676,1,0.005809,3.2726996,2.3562524,173.13383,"Italy"
325,1973,6.4,10.8,7,6.4,5.7,3.2,34.19679,1,0.007928,3.2946696,2.5050876,205.18073,"Italy"
325,1974,5.4,19.1,4.1,6.4,10.8,7,37.14928,1,0.026072,3.316652,2.4389386,29.719425,"Italy"
325,1975,5.9,17,-3.6,5.4,19.1,4.1,46.89348,2,0.02528,3.31728,2.3562524,-14.068044,"Italy"
325,1976,6.7,16.8,5.9,5.9,17,-3.6,43.18141,1,0.027571,3.3375123,2.663394,215.90706,"Italy"
325,1977,7.2,17,1.9,6.7,16.8,5.9,48.34128,2,0.028347,3.3692005,2.663394,174.02861,"Italy"
325,1978,7.2,12.1,2.7,7.2,17,1.9,48.47882,1,0.027809,3.3236945,2.663394,198.76315,"Italy"
325,1979,7.7,14.8,4.9,7.2,12.1,2.7,47.99013,1,0.037706,3.3268416,2.663394,153.56842,"Italy"
325,1980,7.6,21.2,3.9,7.7,14.8,4.9,51.30311,1,0.058502,3.273015,2.8575268,61.563732,"Italy"
325,1981,8.4,17.8,0.2,7.6,21.2,3.9,50.45122,1,0.062218,3.277284,2.8431466,85.76708,"Italy"
325,1982,9.1,16.5,-0.5,8.4,17.8,0.2,46.008,2,0.061318,3.2551677,2.8431466,-13.802401,"Italy"
325,1983,9.9,14.6,-0.2,9.1,16.5,-0.5,44.53123,1,0.048687,3.0378335,2.7869399,120.23433,"Italy"
325,1984,10.1,10.8,2.8,9.9,14.6,-0.2,41.13525,0,0.049065,3.014262,2.7732787,193.33566,"Italy"
325,1985,10.1,9.2,2.6,10.1,10.8,2.8,43.64893,0,0.043212,3.081551,2.7732787,152.77126,"Italy"
325,1986,11.1,5.9,2.5,10.1,9.2,2.6,43.84961,0,0.017962,3.0521665,2.7732787,131.54883,"Italy"
325,1987,12,4.7,3,11.1,5.9,2.5,37.01633,1,0.027421,3.0469406,2.7604852,125.85553,"Italy"
325,1988,12,5,3.9,12,4.7,3,36.8253,1,0.019516,2.9951744,2.8968244,165.71384,"Italy"
325,1989,11.81151,6.3,3,12,5,3.9,38.83848,1,0.019516,2.9861825,2.9162378,128.16699,"Italy"
325,1990,10.789116,6.5,2,11.81151,6.3,3,38.649986,1,0.019516,2.9988554,2.9162378,92.75997,"Italy"
375,1966,1.5,3.6,2.3721416,1.4,5.1,5.303359,42.16415,3,0.00334,3.1854396,3.1881974,227.68642,"Finland"
375,1967,2.9,5.5,2.1688614,1.5,3.6,2.3721416,41.39525,3,0.003688,3.209284,3.1881974,153.16241,"Finland"
375,1968,3.8,9.2,2.5,2.9,5.5,2.1688614,40.35631,2,0.004088,3.2329152,3.157999,230.03098,"Finland"
375,1969,2.8,2.2,9.6,3.8,9.2,2.5,43.75069,2,0.004073,3.2484248,3.157999,231.87866,"Finland"
375,1970,1.9,2.8,7.9,2.8,2.2,9.6,47.38203,2,0.004769,3.4448743,2.660518,161.0989,"Finland"
375,1971,2.2,6.5,2.1,1.9,2.8,7.9,52.59821,2,0.005487,3.5405107,2.5886168,199.8732,"Finland"
375,1972,2.5,7.1,7.6,2.2,6.5,2.1,50.48052,2,0.005988,3.658837,2.9971638,267.54675,"Finland"
375,1973,2.3,10.7,6.7,2.5,7.1,7.6,50.74626,3,0.00802,3.862574,3.210933,304.47757,"Finland"
375,1974,1.7,16.9,3,2.3,10.7,6.7,51.49655,3,0.027633,3.99548,3.210933,41.197243,"Finland"
375,1975,2.2,17.9,1.2,1.7,16.9,3,58.73077,3,0.027404,3.9383094,2.8591137,-17.619232,"Finland"
375,1976,3.8,14.4,0.3,2.2,17.9,1.2,53.37948,4,0.030567,4.0175867,2.4636579,266.8974,"Finland"
375,1977,5.8,12.6,0.2,3.8,14.4,0.3,52.09085,3,0.032765,4.057783,2.823163,187.52705,"Finland"
375,1978,7.2,7.8,2.6,5.8,12.6,0.2,55.15342,3,0.029113,3.8955798,2.823163,226.12901,"Finland"
375,1979,5.9,7.5,7.4,7.2,7.8,2.6,55.9532,3,0.046224,3.9285436,2.6347327,179.05025,"Finland"
375,1980,4.6,11.6,5.6,5.9,7.5,7.4,61.35039,3,0.068688,3.8950934,2.6347327,73.620476,"Finland"
375,1981,5.1,12,1.8,4.6,11.6,5.6,66.6819,3,0.064404,3.9512527,2.6347327,113.35923,"Finland"
375,1982,5.4,9.6,3,5.1,12,1.8,65.71604,3,0.057407,3.9661841,2.6347327,-19.714813,"Finland"
375,1983,5.4,8.3,2.9,5.4,9.6,3,61.49152,3,0.049933,3.7305102,2.6950305,166.0271,"Finland"
375,1984,5.2,7.1,3,5.4,8.3,2.9,60.64693,3,0.042008,3.763035,2.6950305,285.04056,"Finland"
375,1985,5,5.9,3.3,5.2,7.1,3,58.25233,2,0.044198,3.7562525,2.6950305,203.88316,"Finland"
375,1986,5.4,2.9,2.1,5,5.9,3.3,57.31776,2,0.019862,3.7721677,2.6950305,171.95328,"Finland"
375,1987,5.1,4.1,4,5.4,2.9,2.1,51.93765,3,0.030247,3.7961078,2.238781,176.58801,"Finland"
375,1988,4.6,5.1,5.2,5.1,4.1,4,50.27617,3,0.01832,3.6992102,2.238781,226.24277,"Finland"
375,1989,3.445606,6.6,5.4,4.6,5.1,5.2,49.78667,3,0.01832,3.790362,2.238781,164.296,"Finland"
375,1990,3.5541196,6.1,0.4,3.445606,6.6,5.4,48.981815,3,0.01832,3.7395358,2.238781,117.55636,"Finland"
380,1966,1.4,6.4,2.0909698,1.1,6,3.8212667,44.78557,2,0.004483,4.0353675,3.4785042,241.84207,"Sweden"
380,1967,1.7,4.3,3.3656263,1.4,6.4,2.0909698,43.72852,2,0.004367,4.0651565,3.4785042,161.79552,"Sweden"
380,1968,2,1.9,3.6,1.7,4.3,3.3656263,42.46237,2,0.004762,4.088839,3.5274959,242.0355,"Sweden"
380,1969,1.7,2.7,5,2,1.9,3.6,43.51757,2,0.004986,4.1314397,3.5274959,230.64313,"Sweden"
380,1970,1.4,7,6.5,1.7,2.7,5,46.27839,2,0.00516,4.1748405,3.5425704,157.34653,"Sweden"
380,1971,2,7.4,0.9,1.4,7,6.5,48.77312,2,0.005982,4.2123876,3.5425704,185.33786,"Sweden"
380,1972,2,6,2.3,2,7.4,0.9,47.52033,2,0.006044,4.268965,3.5425704,251.85776,"Sweden"
380,1973,1.9,6.7,4,2,6,2.3,46.86441,2,0.008053,4.1705723,3.4728513,281.18646,"Sweden"
380,1974,1.5,9.9,3.2,1.9,6.7,4,52.04547,1,0.027017,4.2746973,3.4728513,41.63638,"Sweden"
380,1975,1.4,9.8,2.6,1.5,9.9,3.2,65.1786,1,0.029468,4.2497506,3.4728513,-19.55358,"Sweden"
380,1976,1.2,10.3,1.1,1.4,9.8,2.6,56.49882,1,0.031083,4.3289194,2.4625669,282.4941,"Sweden"
380,1977,1.2,11.4,-1.6,1.2,10.3,1.1,56.97875,1,0.034047,4.392342,2.4625669,205.12349,"Sweden"
380,1978,1.6,10,1.8,1.2,11.4,-1.6,56.4408,1,0.030771,4.3159614,2.689774,231.40727,"Sweden"
380,1979,1.5,7.2,3.8,1.6,10,1.8,55.41762,1,0.045256,4.356037,2.3343103,177.3364,"Sweden"
380,1980,1.4,13.7,1.7,1.5,7.2,3.8,61.8139,1,0.066078,4.3708997,2.3343103,74.17668,"Sweden"
380,1981,2.5,12.1,-0.3,1.4,13.7,1.7,61.51982,1,0.061124,4.4075365,2.6370137,104.5837,"Sweden"
380,1982,3.1,8.6,0.8,2.5,12.1,-0.3,60.16333,1,0.057274,4.42237,3.3503714,-18.049,"Sweden"
380,1983,3.5,8.9,2.4,3.1,8.6,0.8,64.76091,1,0.044233,4.058469,3.3503714,174.85446,"Sweden"
380,1984,3.1,8,3.4,3.5,8.9,2.4,68.5121,1,0.036722,4.091403,3.3503714,322.00687,"Sweden"
380,1985,2.8,7.4,2.2,3.1,8,3.4,68.25501,1,0.037887,4.1394653,3.3560243,238.89255,"Sweden"
380,1986,2.6,4.3,2.3,2.8,7.4,2.2,68.22753,1,0.017814,4.0909104,3.3560243,204.68259,"Sweden"
380,1987,1.9,4.2,2.9,2.6,4.3,2.3,62.7877,1,0.020466,4.1216507,3.3560243,213.4782,"Sweden"
380,1988,1.6,5.8,2.3,1.9,4.2,2.9,61.83354,1,0.015156,4.08035,3.5237274,278.25095,"Sweden"
380,1989,0.6847802,6.4,2.4,1.6,5.8,2.3,63.4549,1,0.015156,4.07972,3.5237274,209.40117,"Sweden"
380,1990,1.5075377,10.5,0.6,0.6847802,6.4,2.4,63.819324,1,0.015156,4.0662227,3.5237274,153.16638,"Sweden"
385,1966,0.8,3.3,3.7861464,1.1,5,5.285807,82.25382,2,0.002799,3.6015205,2.209971,444.17065,"Norway "
385,1967,0.8,4.4,6.2568583,0.8,3.3,3.7861464,83.08898,2,0.002729,3.603006,2.209971,307.42923,"Norway "
385,1968,1.1,3.5,2.3,0.8,4.4,6.2568583,85.66164,2,0.002994,3.6046076,2.209971,488.2713,"Norway "
385,1969,1,3.1,6.4,1.1,3.5,2.3,84.23661,2,0.002925,3.6113167,2.260847,446.45404,"Norway "
385,1970,0.8,10.6,6.7,1,3.1,6.4,82.44259,2,0.003564,3.6206076,2.260847,280.3048,"Norway "
385,1971,0.8,6.2,4.6,0.8,10.6,6.7,84.91699,2,0.003701,3.640286,3.267462,322.68457,"Norway "
385,1972,1.7,7.2,5.2,0.8,6.2,4.6,83.66345,2,0.003346,3.6538298,2.5484514,443.41632,"Norway "
385,1973,1.5,7.5,4.1,1.7,7.2,5.2,80.62762,2,0.004458,3.4661446,3.3955946,483.7657,"Norway "
385,1974,1.5,9.4,5.2,1.5,7.5,4.1,87.61421,1,0.014172,3.4977105,3.3955946,70.09137,"Norway "
385,1975,2.3,11.7,4.2,1.5,9.4,5.2,95.4297,1,-0.0036,3.4836292,3.3955946,-28.628912,"Norway "
385,1976,1.8,9.1,6.8,2.3,11.7,4.2,90.33502,1,-0.01165,3.5240781,3.3955946,451.6751,"Norway "
385,1977,1.5,9.1,3.6,1.8,9.1,6.8,91.72334,1,-0.00944,3.5370731,3.1770153,330.20404,"Norway "
385,1978,1.7,8.1,4.5,1.5,9.1,3.6,90.33905,1,-0.01669,3.49251,3.1770153,370.3901,"Norway "
385,1979,2,4.8,5.1,1.7,8.1,4.5,82.75804,1,-0.02816,3.5320337,3.1770153,264.82574,"Norway "
385,1980,1.7,10.9,4.2,2,4.8,5.1,85.70865,1,-0.07046,3.3832102,3.1770153,102.85038,"Norway "
385,1981,2,13.6,0.9,1.7,10.9,4.2,88.46642,1,-0.08273,3.439342,2.1169457,150.39293,"Norway "
385,1982,2.6,11.3,0.3,2,13.6,0.9,87.5138,1,-0.08613,3.454047,2.8359566,-26.25414,"Norway "
385,1983,3.3,8.4,3.9,2.6,11.3,0.3,85.11059,1,-0.10316,3.0748422,1.6776303,229.7986,"Norway "
385,1984,3.1,6.2,3.8,3.3,8.4,3.9,83.61769,1,-0.11781,3.0817614,1.6776303,393.00314,"Norway "
385,1985,2.6,5.7,5.3,3.1,6.2,3.8,85.50693,1,-0.1167,3.0448406,1.8924409,299.27423,"Norway "
385,1986,2,7.2,4.2,2.6,5.7,5.3,85.75997,1,-0.05159,3.0844865,3.050767,257.2799,"Norway "
385,1987,2.1,8.7,3.4,2,7.2,4.2,79.00841,1,-0.08986,3.1079173,3.050767,268.6286,"Norway "
385,1988,3.2,6.7,1.1,2.1,8.7,3.4,73.38462,1,-0.08212,3.0746033,3.050767,330.2308,"Norway "
385,1989,4.9187937,4.6,0.4,3.2,6.7,1.1,73.8637,1,-0.08212,3.0811734,2.849221,243.75021,"Norway "
385,1990,5.2287583,4.1,1.8,4.9187937,4.6,0.4,79.65617,1,-0.08212,2.9232442,1.8504657,191.17482,"Norway "
390,1966,2.3,6.7,2.7412403,2.4,7.5,4.5550656,62.28668,3,0.004386,3.8826265,2.9226346,336.34808,"Denmark"
390,1967,2.7,6.9,3.4212093,2.3,6.7,2.7412403,58.78237,3,0.004421,3.8942459,2.9226346,217.49478,"Denmark"
390,1968,5,8.6,3.8,2.7,6.9,3.4212093,56.86628,2,0.004791,3.9091315,1.6332748,324.1378,"Denmark"
390,1969,3.9,4.2,6.5,5,8.6,3.8,56.77313,2,0.005298,3.916059,1.6332748,300.89758,"Denmark"
390,1970,2.9,5.8,2.3,3.9,4.2,6.5,57.00761,2,0.005974,3.9365973,1.6332748,193.82588,"Denmark"
390,1971,3.7,5.8,2.7,2.9,5.8,2.3,58.80617,2,0.006882,4.0072956,2.982932,223.46346,"Denmark"
390,1972,3.6,6.6,5.3,3.7,5.8,2.7,57.03129,2,0.00731,4.0090704,2.982932,302.26584,"Denmark"
390,1973,2.4,9.3,3.6,3.6,6.6,5.3,53.59322,2,0.009184,4.028155,1.2961829,321.55933,"Denmark"
390,1974,5.2,15.3,-0.9,2.4,9.3,3.6,58.96134,1,0.03149,4.096746,1.2961829,47.169075,"Denmark"
390,1975,6,9.6,-0.7,5.2,15.3,-0.9,66.43667,1,0.031773,4.0727773,2.7888489,-19.931002,"Denmark"
390,1976,5.3,9,6.5,6,9.6,-0.7,61.09859,1,0.031442,4.156581,2.7888489,305.49295,"Denmark"
390,1977,6.4,11.1,1.6,5.3,9,6.5,62.33729,1,0.034451,4.2572894,3.067726,224.41425,"Denmark"
390,1978,7.3,10,1.5,6.4,11.1,1.6,61.26526,1,0.033684,4.168655,2.5881457,251.18756,"Denmark"
390,1979,6.1,9.6,3.5,7.3,10,1.5,57.73387,1,0.042601,4.268328,2.9923537,184.7484,"Denmark"
390,1980,6.9,12.3,-0.4,6.1,9.6,3.5,61.31303,1,0.060627,4.309025,2.9923537,73.57564,"Denmark"
390,1981,10.3,11.7,-0.9,6.9,12.3,-0.4,66.47386,1,0.055137,4.3417625,2.982932,113.00557,"Denmark"
390,1982,11,10.1,3,10.3,11.7,-0.9,72.36322,1,0.050544,4.3771787,1.7160354,-21.708967,"Denmark"
390,1983,11.4,6.9,2.1,11,10.1,3,71.87047,1,0.038257,4.0936694,1.7160354,194.05026,"Denmark"
390,1984,8.5,6.3,3.5,11.4,6.9,2.1,70.32415,1,0.03599,4.1452217,1.6180516,330.5235,"Denmark"
390,1985,7.3,4.7,4.3,8.5,6.3,3.5,72.59833,1,0.032321,4.2170124,1.6180516,254.09415,"Denmark"
390,1986,5.5,3.6,3.6,7.3,4.7,4.3,72.94829,1,0.012043,4.2460575,1.6180516,218.84486,"Denmark"
390,1987,6.9,4,-0.6,5.5,3.6,3.6,64.36702,1,0.014444,4.2258782,1.5859936,218.84787,"Denmark"
390,1988,7.2,4.6,-0.2,6.9,4,-0.6,61.44821,1,0.009885,4.0742145,1.4993405,276.51697,"Denmark"
390,1989,8.127822,4.8,0.8,7.2,4.6,-0.2,62.47343,0,0.009885,4.0164137,1.4993405,206.16232,"Denmark"
390,1990,8.310439,2.6,1.7,8.127822,4.8,0.8,61.4433,0,0.009885,4.0194607,1.4907124,147.46393,"Denmark"
740,1966,0.9,5.1,10.638276,0.8,5,5.8193884,20.64122,2,0.002849,2.2560585,0.82510686,111.46259,"Japan"
740,1967,1.3,4,11.082341,0.9,5.1,10.638276,20.5948,2,0.003094,2.252071,0.881636,76.20077,"Japan"
740,1968,1.2,5.3,12.8,1.3,4,11.082341,20.05519,2,0.003223,2.2484004,0.881636,114.314575,"Japan"
740,1969,1.1,5.2,12.3,1.2,5.3,12.8,20.08211,2,0.003398,2.2512126,0.70639575,106.43518,"Japan"
740,1970,1.2,7.7,9.8,1.1,5.2,12.3,20.59826,2,0.003639,2.2627308,0.70639575,70.03409,"Japan"
740,1971,1.2,6.1,4.2,1.2,7.7,9.8,21.5081,1,0.004632,2.2641437,0.70639575,81.73078,"Japan"
740,1972,1.4,4.5,8.4,1.2,6.1,4.2,21.95309,1,0.004926,2.2670546,1.0342646,116.35139,"Japan"
740,1973,1.3,11.7,7.9,1.4,4.5,8.4,20.1664,1,0.0072,2.2191124,1.0342646,120.998405,"Japan"
740,1974,1.4,24.5,-1.2,1.3,11.7,7.9,21.53925,1,0.025608,2.2047265,1.0342646,17.2314,"Japan"
740,1975,1.9,11.8,2.6,1.4,24.5,-1.2,29.91749,1,0.02473,2.199802,1.0342646,-8.975247,"Japan"
740,1976,2,9.3,4.8,1.9,11.8,2.6,27.42852,1,0.026686,2.2005014,0.9570081,137.14261,"Japan"
740,1977,2,8.1,5.3,2,9.3,4.8,28.03661,1,0.028022,2.1931205,0.9570081,100.93179,"Japan"
740,1978,2.2,3.8,5.1,2,8.1,5.3,26.11608,1,0.026625,2.1381674,0.9570081,107.07592,"Japan"
740,1979,2.1,3.6,5.2,2.2,3.8,5.1,22.00218,1,0.036379,2.1324198,1.1416699,70.406975,"Japan"
740,1980,2,8,4.4,2.1,3.6,5.2,26.31612,0,0.052913,2.3286817,0.88917315,31.579346,"Japan"
740,1981,2.2,4.9,3.9,2,8,4.4,31.21532,0,0.0517,2.3265452,0.88917315,53.066048,"Japan"
740,1982,2.4,2.7,2.8,2.2,4.9,3.9,32.51882,0,0.048203,2.3275754,0.88917315,-9.755647,"Japan"
740,1983,2.6,1.9,3.2,2.4,2.7,2.8,32.80608,0,0.04068,2.4219775,1.049339,88.576416,"Japan"
740,1984,2.7,2.2,5,2.6,1.9,3.2,29.7358,0,0.041442,2.416912,1.049339,139.75826,"Japan"
740,1985,2.6,2,4.7,2.7,2.2,5,30.6541,0,0.03471,1.9483343,1.049339,107.28935,"Japan"
740,1986,2.8,0.4,2.5,2.6,2,4.7,29.16159,0,0.014618,1.9422723,0.72900736,87.48477,"Japan"
740,1987,2.9,-0.2,4.4,2.8,0.4,2.5,21.90987,0,0.020932,1.9371102,0.72900736,74.49356,"Japan"
740,1988,2.5,0.5,5.7,2.9,-0.2,4.4,21.71235,0,0.016246,1.9860122,0.72900736,97.70558,"Japan"
740,1989,2.2647529,2.3,4.7,2.5,0.5,5.7,23.128798,0,0.016246,1.9799844,0.72900736,76.32503,"Japan"
740,1990,2.0989976,3.1,5.2,2.2647529,2.3,4.7,20.000303,0,0.016246,2.6403139,0.8646772,48.00073,"Japan"
